Company,Revenue_3Y,Revenue_3Y_Flag,Revenue_5Y,Revenue_5Y_Flag,Revenue_10Y,Revenue_10Y_Flag,PAT_3Y,PAT_3Y_Flag,PAT_5Y,PAT_5Y_Flag,PAT_10Y,PAT_10Y_Flag,EPS_3Y,EPS_3Y_Flag,EPS_5Y,EPS_5Y_Flag,EPS_10Y,EPS_10Y_Flag,Growth_Label
ABB,10.71,VALID,9.72,VALID,9.9,VALID,20.23,VALID,21.69,VALID,19.75,VALID,20.24,VALID,21.66,VALID,19.77,VALID,Moderate
ADANIENSOL,18.72,VALID,17.85,VALID,,ZERO_BASE,-2.49,VALID,16.43,VALID,,ZERO_BASE,-3.13,VALID,14.87,VALID,,ZERO_BASE,Strong Growth
ADANIENT,34.6,VALID,19.02,VALID,5.78,VALID,47.18,VALID,45.81,VALID,2.34,VALID,51.83,VALID,31.95,VALID,3.42,VALID,Strong Growth
ADANIGREEN,43.44,VALID,34.98,VALID,,INSUFFICIENT,90.59,VALID,,TURNAROUND,,INSUFFICIENT,91.29,VALID,,TURNAROUND,,INSUFFICIENT,High Growth
ADANIPORTS,28.63,VALID,19.58,VALID,18.65,VALID,17.08,VALID,14.91,VALID,16.62,VALID,14.98,VALID,14.87,VALID,16.86,VALID,Strong Growth
ADANIPOWER,24.29,VALID,16.09,VALID,12.63,VALID,154.07,VALID,,TURNAROUND,,TURNAROUND,162.07,VALID,,TURNAROUND,,TURNAROUND,Strong Growth
AMBUJACEM,4.61,VALID,4.12,VALID,12.79,VALID,8.48,VALID,11.23,VALID,12.29,VALID,4.55,VALID,7.78,VALID,4.81,VALID,Slow
APOLLOHOSP,21.75,VALID,14.66,VALID,15.9,VALID,89.68,VALID,36.13,VALID,11.49,VALID,84.69,VALID,29.95,VALID,10.6,VALID,Strong Growth
ASIANPAINT,17.8,VALID,13.03,VALID,11.25,VALID,20.12,VALID,20.28,VALID,15.97,VALID,19.98,VALID,20.97,VALID,15.93,VALID,Strong Growth
ATGL,38.18,VALID,21.09,VALID,,INSUFFICIENT,13.0,VALID,23.88,VALID,,INSUFFICIENT,14.47,VALID,24.57,VALID,,INSUFFICIENT,High Growth
AXISBANK,19.97,VALID,14.74,VALID,13.57,VALID,55.69,VALID,39.67,VALID,14.86,VALID,54.41,VALID,35.1,VALID,12.03,VALID,Strong Growth
BAJAJ-AUTO,17.38,VALID,8.13,VALID,8.34,VALID,16.64,VALID,9.36,VALID,8.59,VALID,18.0,VALID,10.18,VALID,8.96,VALID,Moderate
BAJAJFINSV,22.13,VALID,20.97,VALID,33.75,VALID,28.4,VALID,23.75,VALID,21.68,VALID,22.12,VALID,20.59,VALID,17.69,VALID,High Growth
BAJAJHLDNG,55.01,VALID,31.61,VALID,14.94,VALID,26.32,VALID,19.3,VALID,13.99,VALID,25.8,VALID,18.97,VALID,13.82,VALID,High Growth
BAJFINANCE,27.26,VALID,24.35,VALID,,INSUFFICIENT,48.42,VALID,29.32,VALID,,INSUFFICIENT,47.23,VALID,27.56,VALID,,INSUFFICIENT,High Growth
BANKBARODA,16.79,VALID,17.48,VALID,11.33,VALID,126.68,VALID,74.51,VALID,14.12,VALID,128.94,VALID,55.18,VALID,4.58,VALID,Strong Growth
BEL,12.83,VALID,10.75,VALID,12.01,VALID,23.8,VALID,16.13,VALID,15.39,VALID,18.56,VALID,10.76,VALID,17.46,VALID,Strong Growth
BHARTIARTL,14.23,VALID,13.17,VALID,5.74,VALID,,TURNAROUND,38.36,VALID,10.98,VALID,,TURNAROUND,67.03,VALID,10.03,VALID,Strong Growth
BHEL,11.34,VALID,-4.73,VALID,-4.92,VALID,,TURNAROUND,-22.4,VALID,-22.27,VALID,,TURNAROUND,-19.73,VALID,-20.57,VALID,Declining
BOSCHLTD,19.84,VALID,6.72,VALID,,INSUFFICIENT,72.87,VALID,9.28,VALID,,INSUFFICIENT,72.65,VALID,9.26,VALID,,INSUFFICIENT,Moderate
BPCL,24.86,VALID,8.48,VALID,5.42,VALID,15.75,VALID,25.79,VALID,20.82,VALID,18.78,VALID,28.06,VALID,21.29,VALID,Moderate
BRITANNIA,8.48,VALID,8.69,VALID,9.27,VALID,4.86,VALID,13.06,VALID,18.37,VALID,4.95,VALID,13.14,VALID,18.72,VALID,Moderate
CANBK,16.3,VALID,18.18,VALID,10.82,VALID,73.34,VALID,85.78,VALID,19.14,VALID,61.98,VALID,53.42,VALID,5.45,VALID,Strong Growth
CHOLAFIN,25.99,VALID,21.94,VALID,19.31,VALID,31.01,VALID,23.36,VALID,24.97,VALID,29.22,VALID,22.28,VALID,23.42,VALID,High Growth
CIPLA,10.39,VALID,9.51,VALID,9.74,VALID,20.25,VALID,22.73,VALID,11.46,VALID,19.35,VALID,21.83,VALID,11.61,VALID,Moderate
COALINDIA,16.49,VALID,7.4,VALID,7.26,VALID,43.29,VALID,16.43,VALID,9.48,VALID,42.68,VALID,16.85,VALID,9.78,VALID,Moderate
DABUR,9.06,VALID,7.81,VALID,5.8,VALID,2.23,VALID,4.6,VALID,7.05,VALID,0.0,VALID,4.56,VALID,7.18,VALID,Moderate
DIVISLAB,4.03,VALID,9.66,VALID,11.97,VALID,-6.92,VALID,3.41,VALID,7.55,VALID,-7.17,VALID,3.3,VALID,7.54,VALID,Moderate
DLF,5.88,VALID,-5.14,VALID,-2.52,VALID,36.0,VALID,15.7,VALID,16.53,VALID,40.1,VALID,12.89,VALID,10.65,VALID,Declining
DMART,28.13,VALID,20.48,VALID,26.91,VALID,32.14,VALID,22.97,VALID,31.74,VALID,31.89,VALID,22.74,VALID,29.24,VALID,High Growth
DRREDDY,13.72,VALID,12.64,VALID,7.64,VALID,41.91,VALID,23.39,VALID,11.01,VALID,42.82,VALID,23.84,VALID,11.28,VALID,Strong Growth
EICHERMOT,23.78,VALID,11.04,VALID,6.59,VALID,43.75,VALID,12.68,VALID,19.01,VALID,43.9,VALID,12.51,VALID,20.3,VALID,Strong Growth
GAIL,32.42,VALID,11.83,VALID,7.99,VALID,17.25,VALID,8.61,VALID,7.54,VALID,18.56,VALID,8.45,VALID,7.92,VALID,Strong Growth
GODREJCP,8.52,VALID,6.45,VALID,6.37,VALID,,DECLINE_TO_LOSS,,DECLINE_TO_LOSS,,DECLINE_TO_LOSS,,DECLINE_TO_LOSS,,DECLINE_TO_LOSS,,DECLINE_TO_LOSS,Moderate
GRASIM,19.68,VALID,11.15,VALID,16.54,VALID,12.42,VALID,29.31,VALID,12.89,VALID,10.5,VALID,27.73,VALID,6.81,VALID,Strong Growth
HAL,9.91,VALID,8.71,VALID,7.22,VALID,32.85,VALID,26.49,VALID,10.92,VALID,33.42,VALID,26.64,VALID,15.07,VALID,Moderate
HAVELLS,21.14,VALID,13.04,VALID,8.73,VALID,6.78,VALID,10.03,VALID,11.04,VALID,5.57,VALID,9.0,VALID,11.07,VALID,Strong Growth
HCLTECH,13.4,VALID,12.71,VALID,13.08,VALID,12.04,VALID,9.19,VALID,9.18,VALID,12.26,VALID,9.41,VALID,9.69,VALID,Strong Growth
HDFCBANK,30.19,VALID,21.95,VALID,20.89,VALID,27.12,VALID,23.87,VALID,22.26,VALID,13.14,VALID,15.42,VALID,16.65,VALID,High Growth
HDFCLIFE,12.37,VALID,21.17,VALID,19.45,VALID,4.97,VALID,4.25,VALID,8.06,VALID,0.0,VALID,3.13,VALID,5.76,VALID,High Growth
HEROMOTOCO,6.87,VALID,2.15,VALID,4.1,VALID,8.42,VALID,1.54,VALID,5.94,VALID,8.6,VALID,1.69,VALID,5.94,VALID,Slow
HINDALCO,17.83,VALID,10.59,VALID,9.43,VALID,42.86,VALID,13.07,VALID,16.55,VALID,41.16,VALID,13.4,VALID,15.13,VALID,Strong Growth
HINDUNILVR,9.59,VALID,9.5,VALID,7.79,VALID,8.73,VALID,11.15,VALID,10.02,VALID,8.97,VALID,9.46,VALID,9.35,VALID,Moderate
ICICIBANK,21.4,VALID,17.25,VALID,12.42,VALID,31.29,VALID,51.95,VALID,14.71,VALID,32.64,VALID,55.18,VALID,14.0,VALID,Strong Growth
ICICIGI,18.99,VALID,12.91,VALID,16.76,VALID,9.22,VALID,12.84,VALID,13.95,VALID,6.82,VALID,11.14,VALID,12.51,VALID,Strong Growth
ICICIPRULI,2.78,VALID,16.85,VALID,15.23,VALID,-3.8,VALID,-5.66,VALID,-5.89,VALID,-5.01,VALID,-5.59,VALID,-5.88,VALID,Strong Growth
INDIGO,67.58,VALID,19.31,VALID,20.01,VALID,,TURNAROUND,120.69,VALID,32.93,VALID,,TURNAROUND,121.24,VALID,-34.88,VALID,Strong Growth
INDUSINDBK,16.41,VALID,15.5,VALID,18.68,VALID,46.68,VALID,22.08,VALID,20.32,VALID,45.94,VALID,15.9,VALID,15.59,VALID,Strong Growth
INFY,15.22,VALID,13.2,VALID,11.85,VALID,10.56,VALID,11.24,VALID,9.43,VALID,11.87,VALID,12.47,VALID,10.6,VALID,Strong Growth
IOC,28.73,VALID,8.01,VALID,4.74,VALID,25.64,VALID,20.1,VALID,20.01,VALID,25.99,VALID,20.11,VALID,19.62,VALID,Moderate
IRCTC,76.47,VALID,17.96,VALID,,INSUFFICIENT,81.12,VALID,29.17,VALID,,INSUFFICIENT,91.29,VALID,28.47,VALID,,INSUFFICIENT,Strong Growth
IRFC,19.1,VALID,19.07,VALID,15.7,VALID,13.24,VALID,23.25,VALID,24.77,VALID,18.56,VALID,20.11,VALID,-31.15,VALID,Strong Growth
ITC,12.89,VALID,7.95,VALID,7.22,VALID,15.74,VALID,10.08,VALID,8.71,VALID,13.3,VALID,9.86,VALID,8.62,VALID,Moderate
JINDALSTEL,13.35,VALID,1.4,VALID,10.07,VALID,11.68,VALID,,TURNAROUND,12.1,VALID,17.23,VALID,,TURNAROUND,10.69,VALID,Slow
JIOFIN,,INSUFFICIENT,,INSUFFICIENT,,INSUFFICIENT,,INSUFFICIENT,,INSUFFICIENT,,INSUFFICIENT,,INSUFFICIENT,,INSUFFICIENT,,INSUFFICIENT,Declining
JSWENERGY,18.39,VALID,4.68,VALID,2.88,VALID,27.98,VALID,20.32,VALID,8.54,VALID,25.99,VALID,20.11,VALID,7.18,VALID,Slow
JSWSTEEL,29.9,VALID,15.6,VALID,13.07,VALID,4.46,VALID,3.59,VALID,36.42,VALID,2.94,VALID,2.38,VALID,33.51,VALID,Strong Growth
KOTAKBANK,19.66,VALID,13.52,VALID,16.72,VALID,22.16,VALID,20.38,VALID,21.84,VALID,22.54,VALID,19.34,VALID,19.12,VALID,Strong Growth
LICI,6.98,VALID,8.16,VALID,,INSUFFICIENT,139.62,VALID,73.18,VALID,,INSUFFICIENT,111.26,VALID,,INVALID_INPUT,,INSUFFICIENT,Moderate
LODHA,23.71,VALID,-2.83,VALID,,INSUFFICIENT,218.72,VALID,-1.12,VALID,,INSUFFICIENT,151.98,VALID,-5.29,VALID,,INSUFFICIENT,Declining
LT,17.59,VALID,10.34,VALID,10.03,VALID,6.36,VALID,8.76,VALID,12.27,VALID,5.03,VALID,8.56,VALID,10.5,VALID,Strong Growth
LTIM,42.13,VALID,30.33,VALID,21.86,VALID,33.25,VALID,24.78,VALID,16.5,VALID,11.77,VALID,12.24,VALID,-6.67,VALID,High Growth
M&M,23.25,VALID,5.84,VALID,6.51,VALID,100.95,VALID,15.32,VALID,9.06,VALID,82.38,VALID,16.18,VALID,9.13,VALID,Moderate
MARUTI,26.32,VALID,10.51,VALID,12.28,VALID,45.39,VALID,12.01,VALID,16.8,VALID,43.56,VALID,11.14,VALID,16.39,VALID,Strong Growth
MOTHERSON,19.82,VALID,9.21,VALID,12.49,VALID,24.39,VALID,7.56,VALID,10.66,VALID,25.99,VALID,5.92,VALID,7.18,VALID,Moderate
NAUKRI,31.0,VALID,17.12,VALID,16.16,VALID,-25.13,VALID,0.1,VALID,25.79,VALID,-26.32,VALID,-2.13,VALID,18.59,VALID,Strong Growth
NESTLEIND,18.28,VALID,14.55,VALID,9.49,VALID,22.91,VALID,14.85,VALID,12.75,VALID,23.06,VALID,15.44,VALID,13.07,VALID,Strong Growth
NHPC,-0.06,VALID,1.4,VALID,2.69,VALID,3.82,VALID,7.27,VALID,9.45,VALID,10.06,VALID,5.92,VALID,14.87,VALID,Slow
NTPC,16.97,VALID,12.22,VALID,8.59,VALID,12.53,VALID,8.74,VALID,6.46,VALID,11.87,VALID,8.45,VALID,5.76,VALID,Strong Growth
ONGC,24.86,VALID,7.0,VALID,13.01,VALID,38.79,VALID,10.97,VALID,7.91,VALID,44.22,VALID,10.2,VALID,6.39,VALID,Moderate
PFC,8.49,VALID,11.08,VALID,15.64,VALID,18.97,VALID,15.92,VALID,17.09,VALID,18.56,VALID,14.87,VALID,13.44,VALID,Strong Growth
PIDILITIND,19.3,VALID,11.84,VALID,11.2,VALID,15.77,VALID,13.49,VALID,14.53,VALID,15.62,VALID,13.56,VALID,14.22,VALID,Strong Growth
PNB,10.0,VALID,15.9,VALID,9.27,VALID,50.34,VALID,,TURNAROUND,9.56,VALID,58.74,VALID,,TURNAROUND,-8.76,VALID,Strong Growth
POWERGRID,4.97,VALID,5.51,VALID,11.41,VALID,8.97,VALID,9.19,VALID,13.1,VALID,9.35,VALID,9.1,VALID,13.02,VALID,Moderate
RECLTD,10.15,VALID,13.34,VALID,10.68,VALID,19.08,VALID,19.76,VALID,11.55,VALID,19.06,VALID,19.67,VALID,11.61,VALID,Strong Growth
RELIANCE,24.46,VALID,9.61,VALID,7.57,VALID,13.71,VALID,14.68,VALID,13.36,VALID,9.35,VALID,11.95,VALID,12.29,VALID,Moderate
SBILIFE,17.24,VALID,24.23,VALID,22.56,VALID,9.16,VALID,7.37,VALID,10.03,VALID,8.2,VALID,7.89,VALID,10.5,VALID,High Growth
SBIN,16.45,VALID,11.63,VALID,8.79,VALID,42.79,VALID,83.41,VALID,16.73,VALID,44.22,VALID,90.37,VALID,14.72,VALID,Strong Growth
SHREECEM,14.81,VALID,10.33,VALID,13.64,VALID,-9.49,VALID,11.29,VALID,8.21,VALID,-9.43,VALID,10.68,VALID,7.82,VALID,Strong Growth
SHRIRAMFIN,27.83,VALID,18.56,VALID,15.68,VALID,43.59,VALID,23.49,VALID,18.48,VALID,29.4,VALID,14.29,VALID,13.49,VALID,Strong Growth
SIEMENS,19.0,VALID,11.19,VALID,7.61,VALID,35.65,VALID,19.85,VALID,16.25,VALID,34.84,VALID,19.64,VALID,16.15,VALID,Strong Growth
SUNPHARMA,13.13,VALID,10.78,VALID,11.67,VALID,61.72,VALID,24.54,VALID,9.5,VALID,49.38,VALID,29.46,VALID,10.31,VALID,Strong Growth
TATACONSUM,9.44,VALID,15.96,VALID,6.99,VALID,9.32,VALID,21.6,VALID,9.07,VALID,10.06,VALID,14.87,VALID,5.54,VALID,Strong Growth
TATAMOTORS,20.58,VALID,7.72,VALID,6.52,VALID,,TURNAROUND,,TURNAROUND,8.51,VALID,,TURNAROUND,,TURNAROUND,6.95,VALID,Moderate
TATAPOWER,23.4,VALID,15.51,VALID,5.57,VALID,43.81,VALID,10.43,VALID,79.98,VALID,44.22,VALID,5.92,VALID,,TURNAROUND,Strong Growth
TATASTEEL,13.61,VALID,7.77,VALID,4.43,VALID,,DECLINE_TO_LOSS,,DECLINE_TO_LOSS,,DECLINE_TO_LOSS,,DECLINE_TO_LOSS,,DECLINE_TO_LOSS,,DECLINE_TO_LOSS,Moderate
TCS,13.63,VALID,10.46,VALID,11.4,VALID,12.29,VALID,7.87,VALID,9.08,VALID,13.01,VALID,8.62,VALID,9.99,VALID,Strong Growth
TECHM,11.16,VALID,8.4,VALID,10.71,VALID,-18.04,VALID,-10.99,VALID,-2.42,VALID,-19.5,VALID,-11.42,VALID,-2.84,VALID,Moderate
TITAN,33.14,VALID,20.9,VALID,16.68,VALID,53.11,VALID,20.27,VALID,16.88,VALID,52.48,VALID,19.51,VALID,17.16,VALID,High Growth
TORNTPHARM,10.25,VALID,6.93,VALID,9.9,VALID,9.77,VALID,30.59,VALID,9.57,VALID,9.82,VALID,30.39,VALID,9.37,VALID,Moderate
TRENT,68.36,VALID,36.31,VALID,18.16,VALID,,TURNAROUND,73.11,VALID,,TURNAROUND,,TURNAROUND,69.52,VALID,,TURNAROUND,High Growth
TVSMOTOR,26.32,VALID,14.19,VALID,16.66,VALID,43.03,VALID,19.67,VALID,25.27,VALID,40.43,VALID,19.14,VALID,24.57,VALID,Strong Growth
