id,company_id,year,net_profit_margin_pct,operating_profit_margin_pct,return_on_equity_pct,return_on_capital_employed_pct,return_on_assets_pct,debt_to_equity,interest_coverage,asset_turnover,free_cash_flow_cr,capex_cr,earnings_per_share,book_value_per_share,dividend_payout_ratio_pct,total_debt_cr,cash_from_operations_cr,revenue_cagr_5yr,pat_cagr_5yr,eps_cagr_5yr,composite_quality_score,created_at,sector,sub_sector,index_weight_pct,sales,interest,net_profit,price_date,close_price,pe,pb,dividend_yield,icr_label,year_int,prev_de,de_declining_yoy,sales_3y_ago,revenue_cagr_3yr,fcf_cagr_5yr,cfo_pat_ratio,fcf_positive,roe_score,roce_score,npm_score,fcf_cagr_score,cfo_pat_score,fcf_flag_score,rev_cagr_score,pat_cagr_score,de_score,icr_score,overall_rank
1163,INDIGO,Mar 2024,11.85,76.3,892.57,5640.88,668.33,0.02,22.61,56.39,9424.0,11759.0,212.0,190.62,0.0,17.0,21183.0,19.31,120.69,121.24,88.85,2026-08-15 07:01:10,Consumer Discretionary,Airlines,3.03,68904.0,2326.0,8167.0,2024-03-01,5130.15,24.2,26.91,0.0,Strong,2024.0,0.02,False,14641.0,67.58,71.57,2.5937,1.0,100.0,100.0,41.1906538836902,99.99999999999999,99.99999999999999,100.0,90.0204498977505,100.0,99.14686166971359,16.32964382006527,1
455,HAL,Mar 2024,25.0,32.09,3816.58,3027.64,1687.78,0.62,270.88,67.51,1814.0,6412.0,114.0,199.0,31.0,123.0,8226.0,8.71,26.49,26.64,77.24,2026-08-15 07:01:10,Industrials,Defence & Aerospace,1.6,30381.0,43.0,7595.0,2024-03-01,6125.26,53.73,30.78,0.58,Strong,2024.0,0.27,False,22882.0,9.91,,1.0831,1.0,97.62280743348451,96.94936883326925,97.60559591068066,67.37061451842354,79.04221376712216,100.0,11.477369769427836,82.34318217727919,61.08949416342413,92.87235184345282,2
72,ADANIPOWER,Mar 2024,41.37,36.2,48.28,23.44,22.64,0.8,8.3,0.55,17651.0,3481.0,54.0,111.86,0.0,34616.0,14170.0,16.09,,,75.01,2026-08-15 07:01:10,Energy,Power & Utilities,3.01,50351.0,3388.0,20829.0,2024-03-01,1814.33,33.6,16.22,0.0,Strong,2024.0,1.42,True,26221.0,24.29,30.71,0.6803,1.0,100.0,97.47274171420318,100.0,90.25368603642671,0.0,100.0,73.48080847982091,28.199449701362322,82.77330809275911,65.65271074194635,3
111,ASIANPAINT,Mar 2024,15.66,21.37,29.68,35.77,18.59,0.13,41.0,1.19,3556.0,2548.0,57.0,195.08,58.0,2474.0,6104.0,13.03,20.28,20.97,73.93,2026-08-15 07:01:10,Materials,Paints & Coatings,1.13,35495.0,205.0,5558.0,2024-03-01,4645.81,81.51,23.81,0.71,Strong,2024.0,0.12,False,21713.0,17.8,18.04,1.0982,1.0,88.58847797259465,22.5919514436537,85.3266888150609,75.79009260620315,20.274794771955065,100.0,94.84349919743177,100.0,90.87048832271762,57.55527691978347,4
634,IRCTC,Mar 2024,26.02,34.33,34.4,44.56,18.24,0.02,82.74,0.7,667.0,215.0,14.0,40.38,47.0,60.0,882.0,17.96,29.17,28.47,71.99,2026-08-15 07:01:10,Consumer Discretionary,Travel & Tourism,3.97,4270.0,19.0,1111.0,2024-03-01,8544.03,610.29,211.59,0.08,Strong,2024.0,0.03,True,777.0,76.47,35.5,0.7939,1.0,87.10457036813258,22.847408289504127,100.0,84.14575183508416,37.71827797206197,100.0,80.81799591002044,37.693643872522934,99.14686166971359,69.65907478359586,5
891,PIDILITIND,Mar 2024,14.11,21.87,20.78,30.81,14.47,0.05,54.33,1.03,955.0,1769.0,34.0,164.84,47.0,382.0,2724.0,11.84,13.49,13.56,70.95,2026-08-15 07:01:10,Materials,Specialty Chemicals,2.15,12383.0,51.0,1747.0,2024-03-01,608.58,17.9,3.69,2.63,Strong,2024.0,0.05,False,7293.0,19.3,23.53,1.5592,1.0,55.80521585383821,17.29178688209271,74.5985603543743,100.00000000000001,58.385622049717675,100.0,82.90529695024077,54.26704777460186,99.36305732484077,77.93816324658245,6
826,NESTLEIND,Mar 2024,16.12,23.83,117.75,157.75,37.38,0.1,41.19,2.32,2938.0,1237.0,41.0,34.79,79.0,345.0,4175.0,14.55,14.85,15.44,70.18,2026-08-15 07:01:10,Consumer Staples,Food Products,0.94,24394.0,145.0,3933.0,2024-03-01,703.37,17.16,20.22,4.6,Strong,2024.0,0.11,True,14741.0,18.28,4.32,1.0615,1.0,100.0,100.0,69.91773111063,44.0703125,19.316960224923516,100.0,92.81345565749236,68.99402847955902,76.3005780346821,16.729302995737516,7
221,BEL,Mar 2024,19.66,24.92,4744.05,3977.17,2475.16,0.51,476.75,125.89,-1265.0,5924.0,5.0,7.64,40.0,43.0,4659.0,10.75,16.13,10.76,69.43,2026-08-15 07:01:10,Industrials,Defence Electronics,3.65,20268.0,12.0,3985.0,2024-03-01,1994.87,398.97,261.11,0.1,Strong,2024.0,0.52,True,14109.0,12.83,,1.1691,0.0,100.0,100.0,73.66155501748723,67.37061451842354,81.05830971453489,0.0,28.898377455166514,41.42044556802023,68.2230869001297,100.0,8
171,BAJAJHLDNG,Mar 2024,432.73,91.77,13.58,2.88,11.3,0.0,3764.5,0.03,1469.0,472.0,653.0,4887.12,20.0,63.0,1941.0,31.61,19.3,18.97,65.47,2026-08-15 07:01:10,Financials,Holding Companies,3.36,1702.0,2.0,7365.0,2024-03-01,2091.55,3.2,0.43,6.24,Strong,2024.0,0.0,False,457.0,55.01,25.87,0.2635,1.0,17.451651098539667,0.18787836615406028,100.0,96.7073327340439,65.55260669754094,100.0,100.0,17.768841227286266,100.0,100.0,9
325,COALINDIA,Mar 2024,26.26,66.29,45.17,105.71,15.8,0.08,11.24,0.6,13617.0,4486.0,61.0,134.24,42.0,6523.0,18103.0,7.4,16.43,16.85,64.71,2026-08-15 07:01:10,Materials,Mining & Metals,2.46,142324.0,8396.0,37369.0,2024-03-01,2476.69,40.6,18.45,1.03,Strong,2024.0,0.07,False,90026.0,16.49,9.99,0.4844,1.0,100.0,97.32854608792289,100.0,16.625018374246654,0.0,100.0,38.36276083467095,84.27929767251936,96.1783439490446,12.049298143674116,10
260,BPCL,Mar 2024,5.99,9.84,35.51,33.85,13.27,0.72,11.36,2.21,25415.0,10521.0,62.0,354.1,33.0,54599.0,35936.0,8.48,25.79,28.06,63.83,2026-08-15 07:01:10,Energy,Oil & Gas Refining,2.57,448083.0,4149.0,26859.0,2024-03-01,6642.07,107.13,18.76,0.31,Strong,2024.0,1.3,True,230171.0,24.86,,1.338,1.0,100.0,99.99999999999999,0.0,51.18169991326973,1.5437442123971217,100.0,23.37876094542103,100.0,86.55939422621864,100.0,11
571,ICICIGI,Mar 2024,9.37,87.42,15.72,146.32,3.03,0.0,160.03,0.32,486.0,1921.0,39.0,247.57,28.0,35.0,2407.0,12.91,12.84,11.14,61.71,2026-08-15 07:01:10,Financials,General Insurance,3.51,20487.0,112.0,1919.0,2024-03-01,2023.26,51.88,8.17,0.54,Strong,2024.0,0.0,False,12161.0,18.99,32.28,1.2543,1.0,31.52874621760295,100.0,24.14862768898779,100.0,78.11017913678728,100.0,9.408689970597834,8.147155198093536,100.0,100.0,12
119,ATGL,Mar 2024,14.93,24.67,18.66,21.49,10.13,0.43,10.5,0.68,,,6.0,32.55,4.0,1557.0,,21.09,23.88,24.57,61.06,2026-08-15 07:01:10,Energy,Gas Distribution,0.6,4475.0,111.0,668.0,2024-03-01,3131.09,521.85,96.19,0.01,Strong,2024.0,0.48,True,1696.0,38.18,,,0.0,40.572043396395564,83.39230269333524,26.306821639384165,51.18169991326973,18.04811834605407,0.0,100.0,100.0,100.0,90.34684027388036,13
1137,TRENT,Mar 2024,11.94,15.93,36.31,33.86,20.62,0.43,8.04,1.73,841.0,508.0,42.0,113.0,8.0,1753.0,1349.0,36.31,73.11,69.52,60.92,2026-08-15 07:01:10,Consumer Discretionary,Retail,0.73,12375.0,368.0,1477.0,2024-03-01,1068.56,25.44,9.46,0.31,Strong,2024.0,1.72,True,2593.0,68.36,,0.9133,1.0,95.34763281688318,13.998875326651437,41.70733107526262,28.170190321304556,42.362945357083106,100.0,100.0,100.0,74.16209628275442,3.407478359585639,14
312,CIPLA,Mar 2024,16.12,75.59,15.55,71.46,12.77,0.02,35.34,0.79,1152.0,2982.0,51.0,331.75,25.0,559.0,4134.0,9.51,22.73,21.83,59.65,2026-08-15 07:01:10,Healthcare,Pharmaceuticals,0.95,25774.0,552.0,4154.0,2024-03-01,3636.86,71.31,10.96,0.35,Strong,2024.0,0.03,True,19160.0,10.39,228.75,0.9952,1.0,31.31041890440388,100.0,59.569138276553105,100.0,16.00775833608451,100.0,23.756906077348077,47.60965993100049,98.50746268656715,8.125699475761325,15
1085,TCS,Mar 2024,19.14,26.69,50.94,65.27,31.69,0.09,87.1,1.66,50429.0,6091.0,127.0,249.97,58.0,8021.0,44338.0,10.46,7.87,8.62,59.4,2026-08-15 07:01:10,Information Technology,IT Services,1.1,240893.0,778.0,46099.0,2024-03-01,4752.76,37.42,19.01,1.55,Strong,2024.0,0.09,False,164177.0,13.63,10.77,0.9618,1.0,100.0,100.0,100.0,15.548780487804873,0.06464767019742426,100.0,8.671250175389368,49.60982025427443,62.50000000000006,99.61970300615721,16
545,HINDUNILVR,Mar 2024,16.61,76.32,20.07,89.63,13.1,0.03,57.85,0.79,10145.0,5324.0,44.0,217.95,96.0,1484.0,15469.0,9.5,11.15,9.46,58.32,2026-08-15 07:01:10,Consumer Staples,FMCG,1.11,61896.0,817.0,10282.0,2024-03-01,313.71,7.13,1.44,13.46,Strong,2024.0,0.02,False,47028.0,9.59,13.6,1.5045,1.0,22.52824491070963,73.01857646453043,72.56982030742583,58.5703125,92.58248573554948,100.0,28.46585117227319,35.002296738631145,96.53179190751445,26.731104040343382,17
481,HCLTECH,Mar 2024,14.29,22.02,23.01,32.69,15.87,0.08,46.46,1.11,15840.0,6608.0,58.0,251.43,90.0,5758.0,22448.0,12.71,9.19,9.41,57.99,2026-08-15 07:01:10,Information Technology,IT Services,2.5,109913.0,553.0,15710.0,2024-03-01,834.68,14.39,3.32,6.25,Strong,2024.0,0.07,False,75379.0,13.4,22.62,1.4289,1.0,30.280025782424982,35.48618586293505,61.23627960716348,100.0,38.778656323039435,100.0,24.45629297039428,55.39675580885576,100.0,38.289267173729336,18
623,IOC,Mar 2024,5.56,9.74,23.53,23.94,8.94,0.72,10.28,1.61,39635.0,31464.0,30.0,133.18,40.0,132628.0,71099.0,8.01,20.1,20.11,55.86,2026-08-15 07:01:10,Energy,Oil & Gas Refining,0.27,776352.0,7881.0,43161.0,2024-03-01,993.97,33.13,7.46,1.21,Strong,2024.0,1.07,True,363950.0,28.73,,1.6473,1.0,62.404734152246,99.99999999999999,0.0,51.18169991326973,10.4386787298045,100.0,20.284416353940347,77.02167639755721,86.55939422621864,87.87742732068695,19
722,LICI,Mar 2024,4.84,3.87,49.45,39.61,0.77,0.0,371.94,0.16,853.0,25269.0,66.0,130.83,15.0,0.0,26122.0,8.16,73.18,,55.53,2026-08-15 07:01:10,Financials,Life Insurance,2.18,845966.0,128.0,40916.0,2024-03-01,259.83,3.94,1.99,3.81,Strong,2024.0,0.0,False,690914.0,6.98,-48.22,0.6384,1.0,100.0,25.746294621111964,8.874502663699506,1.5615769872865044,70.3041548479986,100.0,0.0,98.01906464104856,100.0,100.0,20
761,LTIM,Mar 2024,12.91,17.98,22.9,28.91,16.65,0.1,31.93,1.29,1752.0,3918.0,155.0,667.27,42.0,2071.0,5670.0,30.33,24.78,12.24,54.45,2026-08-15 07:01:10,Information Technology,IT Services,2.64,35517.0,222.0,4585.0,2024-03-01,1882.58,12.15,2.82,3.46,Strong,2024.0,0.09,False,12370.0,42.13,22.08,1.2366,1.0,29.88612762300364,24.183710082526012,47.94916233391103,97.64808362369337,22.84051917052065,100.0,100.0,99.99999999999999,0.0,16.361825425570448,21
59,ADANIPORTS,Mar 2024,30.34,58.36,15.35,15.25,6.93,0.94,5.95,0.23,8250.0,6768.0,38.0,244.34,16.0,49470.0,15018.0,19.58,14.91,14.87,54.25,2026-08-15 07:01:10,Industrials,Infrastructure,2.12,26711.0,2733.0,8104.0,2024-03-01,1612.5,42.43,6.6,0.38,Strong,2024.0,1.18,True,12550.0,28.63,37.79,1.8532,1.0,0.19371862613048454,0.16789989233973607,100.0,78.26043398986154,97.09564968691907,100.0,100.00000000000001,36.60135882445884,40.337224383917,1.1480682608981665,22
558,ICICIBANK,Mar 2024,28.89,62.41,17.99,5.22,1.95,6.45,1.3,0.07,12547.0,144737.0,63.0,364.62,16.0,1651008.0,157284.0,17.25,51.95,55.18,52.8,2026-08-15 07:01:10,Financials,Private Banks,3.87,159516.0,76522.0,46081.0,2024-03-01,6944.27,110.23,19.05,0.15,Risky,2024.0,6.53,True,89163.0,21.4,-7.36,3.4132,1.0,46.46099197474015,1.8161575394892495,89.96560793040662,54.03364581995634,100.0,100.0,44.85462267232928,66.39857015192138,24.171173289442745,0.15752297908351776,23
390,DRREDDY,Mar 2024,19.91,28.32,19.74,26.22,14.38,0.07,51.71,0.72,509.0,4034.0,67.0,340.41,12.0,2002.0,4543.0,12.64,23.39,23.84,51.79,2026-08-15 07:01:10,Healthcare,Pharmaceuticals,1.01,28011.0,171.0,5578.0,2024-03-01,5733.32,85.57,16.84,0.14,Strong,2024.0,0.06,False,19048.0,13.72,-24.69,0.8144,1.0,76.31578947368419,25.05623031938821,97.54509018036072,0.0,1.0853416969296792,100.0,81.39963167587477,50.86249383932972,91.04477611940297,12.946928196972374,24
1124,TORNTPHARM,Mar 2024,15.44,31.39,24.15,30.96,11.42,0.59,9.93,0.74,3106.0,160.0,49.0,202.84,57.0,4022.0,3266.0,6.93,30.59,30.39,51.0,2026-08-15 07:01:10,Healthcare,Pharmaceuticals,0.24,10728.0,354.0,1656.0,2024-03-01,1757.81,35.87,8.67,1.59,Strong,2024.0,0.87,True,8005.0,10.25,14.88,1.9722,1.0,100.0,39.271255060728755,52.755511022044075,14.136329800432458,96.64493232089796,100.0,0.0,86.34795465746673,13.432835820895518,0.6420451198680567,25
917,POWERGRID,Mar 2024,33.97,86.87,17.87,18.91,6.21,1.42,4.6,0.18,24176.0,13114.0,17.0,93.7,67.0,123516.0,37290.0,5.51,9.19,9.1,50.96,2026-08-15 07:01:10,Energy,Power Transmission,4.12,45843.0,8773.0,15573.0,2024-03-01,6197.62,364.57,66.14,0.18,Healthy,2024.0,1.55,True,39640.0,4.97,39.7,2.3945,1.0,37.03039540930689,64.76279875803306,84.23903121767174,100.0,31.926861954527403,100.0,3.8251366120218595,3.8051137507549835,53.43114055844774,24.121674710966435,26
1008,SIEMENS,Sep 2024,12.22,13.96,17.7,19.85,10.74,0.02,67.15,0.88,1168.0,502.0,76.0,432.59,16.0,279.0,1670.0,11.19,19.85,19.64,50.9,2026-08-15 07:01:10,Industrials,Capital Goods,0.99,22240.0,60.0,2718.0,2024-09-01,3486.4,45.87,8.06,0.35,Strong,2024.0,0.01,False,13198.0,19.0,53.29,0.6144,1.0,0.25395132941265425,0.31568778073674836,40.30131826741996,100.0,68.05449085372287,100.0,32.65584970111015,56.11471006478118,100.00000000000001,22.336782846835376,27
660,ITC,Mar 2024,29.28,37.02,27.85,35.07,22.62,0.0,362.96,0.77,18742.0,1563.0,16.0,59.7,84.0,303.0,17179.0,7.95,10.08,9.86,50.86,2026-08-15 07:01:10,Consumer Staples,Diversified FMCG,1.39,70866.0,80.0,20751.0,2024-03-01,10035.18,627.2,168.09,0.13,Strong,2024.0,0.0,False,49257.0,12.89,21.64,0.8279,1.0,32.654761284948194,18.99235552738939,100.0,71.1328125,0.0,100.0,8.71559633027523,25.17225539733578,100.0,100.0,28
532,HINDALCO,Mar 2024,4.7,88.95,9.57,118.21,4.4,0.53,126.47,0.94,9789.0,14267.0,45.0,478.14,8.0,56356.0,24056.0,10.59,13.07,13.4,50.81,2026-08-15 07:01:10,Materials,Metals & Mining,0.64,215962.0,1519.0,10155.0,2024-03-01,2536.64,56.37,5.31,0.14,Strong,2024.0,0.64,True,132008.0,17.83,8.46,2.3689,1.0,14.513039634595549,100.0,9.468438538205977,5.379979420843747,100.0,100.0,70.36516853932584,49.97958350347079,48.40764331210191,100.0,29
676,JIOFIN,Mar 2024,86.52,84.04,1.15,1.12,1.11,0.0,198.8,0.01,763.0,1441.0,3.0,219.03,0.0,0.0,-678.0,,,,50.75,2026-08-15 07:01:10,Financials,Diversified Financials,0.38,1855.0,10.0,1605.0,2024-03-01,8449.4,2816.47,38.58,0.0,Strong,2024.0,0.01,True,,,,-0.4224,1.0,0.0,0.0,100.0,54.03364581995634,56.859390169403014,100.0,45.793858216269186,23.815907059874885,100.0,100.0,30
273,BRITANNIA,Mar 2024,12.73,18.89,54.15,52.73,23.52,0.52,20.6,1.85,3050.0,477.0,89.0,164.21,83.0,2065.0,2573.0,8.69,13.06,13.14,50.44,2026-08-15 07:01:10,Consumer Staples,Food Products,0.66,16769.0,164.0,2134.0,2024-03-01,337.13,3.79,2.05,21.91,Strong,2024.0,0.85,True,13136.0,8.48,58.59,1.2057,1.0,66.88707242151298,36.479581732483055,51.569603810348546,100.0,43.165467625899275,100.0,18.14475025484199,52.549379880569596,0.0,4.368133517440113,31
132,BAJAJ-AUTO,Mar 2024,17.18,19.53,26.61,28.39,19.59,0.07,174.42,1.14,6486.0,72.0,276.0,1038.06,29.0,1912.0,6558.0,8.13,9.36,10.18,50.22,2026-08-15 07:01:10,Consumer Discretionary,Two Wheelers,3.9,44870.0,60.0,7708.0,2024-03-01,10771.68,39.03,10.38,0.74,Strong,2024.0,0.0,False,27741.0,17.38,23.98,0.8508,1.0,53.48495964783566,9.475372961529546,71.78942534014578,58.828183376554875,39.93169149138946,100.0,13.8104976141786,2.5807366443333666,96.09993906154783,100.0,32
208,BHARTIARTL,Mar 2024,5.71,52.2,10.36,26.25,1.94,2.61,3.31,0.34,27809.0,51089.0,13.0,143.59,62.0,215592.0,78898.0,13.17,38.36,67.03,50.0,2026-08-15 07:01:10,Communication Services,Telecommunications,1.13,149982.0,22648.0,8558.0,2024-03-01,4862.36,374.03,33.86,0.17,Healthy,2024.0,2.91,True,100616.0,14.23,,9.2192,1.0,100.0,100.0,0.0,0.0,100.00000000000001,100.0,0.0,100.0,0.0,0.0,33
12,ABB,Mar 2024,20.53,24.84,32.47,38.42,23.13,0.02,141.75,1.13,797.0,416.0,565.0,1761.43,73.0,83.0,1213.0,9.72,21.69,21.66,49.9,2026-08-15 07:01:10,Industrials,Capital Goods,0.81,5849.0,12.0,1201.0,2024-03-01,3908.54,6.92,2.22,10.55,Strong,2024.0,0.04,True,4310.0,10.71,26.92,1.01,1.0,0.6325202772754825,0.9123010606351217,77.56255044390639,56.48079504698552,77.32853221182135,100.0,20.102476515798458,63.382840891136055,100.00000000000001,48.16485650877845,34
1020,SUNPHARMA,Mar 2024,19.82,26.84,15.09,19.45,11.27,0.05,58.33,0.57,11372.0,763.0,40.0,265.28,34.0,3274.0,12135.0,10.78,24.54,29.46,48.56,2026-08-15 07:01:10,Healthcare,Pharmaceuticals,0.3,48497.0,238.0,9610.0,2024-03-01,4028.08,100.7,15.18,0.34,Strong,2024.0,0.12,True,33498.0,13.13,43.24,1.2627,1.0,26.369495166487646,4.753336332283693,96.64328657314628,34.241962355109706,38.08600198085175,100.0,47.14548802946593,56.53031049778216,94.02985074626865,14.89662484537904,35
507,HDFCLIFE,Mar 2024,1.55,99.48,10.73,646.46,0.52,0.06,192.29,0.34,-2893.0,13614.0,7.0,68.18,27.0,950.0,10721.0,21.17,4.25,3.13,48.4,2026-08-15 07:01:10,Financials,Life Insurance,0.93,101482.0,525.0,1574.0,2024-03-01,2770.4,395.77,40.63,0.07,Strong,2024.0,0.07,True,71528.0,12.37,,6.8113,0.0,0.0,100.0,0.0,54.03364581995634,100.0,0.0,76.87030382228028,0.0,99.29461556548318,53.50027789958185,36
182,BAJFINANCE,Mar 2024,26.29,29.29,18.84,4.35,3.85,3.82,2689.17,0.15,-79931.0,7171.0,233.0,1237.03,15.0,293346.0,-72760.0,24.35,29.32,27.56,47.93,2026-08-15 07:01:10,Financials,Consumer Finance,1.78,54972.0,6.0,14451.0,2024-03-01,2069.28,8.88,1.67,1.69,Strong,2024.0,3.99,True,26673.0,27.26,,-5.0349,0.0,52.05236153137745,1.2107716929928327,81.19900195562748,54.03364581995634,0.0,0.0,100.0,32.69288054810843,55.09052433576299,100.00000000000001,37
610,INFY,Mar 2024,17.08,23.7,29.79,37.76,19.3,0.09,87.52,1.13,20117.0,5093.0,63.0,212.74,,8359.0,25210.0,13.2,11.24,12.47,47.54,2026-08-15 07:01:10,Information Technology,IT Services,3.37,153670.0,470.0,26248.0,2024-03-01,4733.34,75.13,22.25,,Strong,2024.0,0.11,True,100472.0,15.22,7.2,0.9605,1.0,54.55847597221227,50.64585575888051,88.09936452917388,0.0,0.0,100.0,27.89392451241756,64.38404208680403,62.50000000000006,100.0,38
1111,TITAN,Mar 2024,6.84,10.36,37.22,21.24,11.08,1.65,9.41,1.62,1506.0,189.0,39.0,105.54,28.0,15528.0,1695.0,20.9,20.27,19.51,46.49,2026-08-15 07:01:10,Consumer Discretionary,Gems & Jewellery,2.38,51084.0,619.0,3496.0,2024-03-01,5223.87,133.95,49.5,0.21,Strong,2024.0,0.79,False,21644.0,33.14,27.56,0.4848,1.0,99.27495576367012,3.5625682246700365,12.428956886158787,66.69596940793811,25.694268853887472,100.0,100.0,21.918536637243417,0.0,4.622534411806442,39
286,CANBK,Mar 2024,13.94,41.75,16.72,3.16,1.0,14.87,1.61,0.07,13296.0,1750.0,17.0,101.58,19.0,1369780.0,15046.0,18.18,85.78,53.42,45.92,2026-08-15 07:01:10,Financials,Public Sector Banks,2.96,110519.0,28646.0,15401.0,2024-03-01,1926.96,113.35,18.97,0.17,Watch,2024.0,15.85,True,70253.0,16.3,-5.34,0.9769,1.0,38.10682804894092,0.3827151903138267,39.55762357542652,56.62771285475793,74.59436303399465,100.0,52.45017967984316,100.0,0.0,0.2441047583670116,40
865,ONGC,Mar 2024,9.66,17.39,16.94,20.98,8.04,0.45,11.36,0.83,42060.0,57203.0,39.0,267.94,31.0,153181.0,99263.0,7.0,10.97,10.2,45.42,2026-08-15 07:01:10,Energy,Oil & Gas Exploration,4.49,591396.0,10194.0,57101.0,2024-03-01,7963.47,204.19,29.72,0.15,Strong,2024.0,0.51,True,303849.0,24.86,11.57,1.7384,1.0,32.86111360172149,79.70972633403132,10.272013631108134,48.7532523850824,13.058557599949381,100.0,13.63486733820528,15.750620763707142,99.33743492664458,100.0,41
735,LODHA,Mar 2024,15.06,25.83,8.9,10.59,3.29,0.44,5.63,0.22,-435.0,2947.0,16.0,175.74,,7698.0,2512.0,-2.83,-1.12,-5.29,45.0,2026-08-15 07:01:10,Real Estate,Real Estate,1.59,10316.0,482.0,1554.0,2024-03-01,3150.09,196.88,17.92,,Strong,2024.0,0.72,True,5449.0,23.71,,1.6165,0.0,100.0,100.0,0.0,0.0,100.0,0.0,100.0,0.0,0.0,0.0,42
956,SBILIFE,Mar 2024,1.43,0.19,12.7,1.65,0.48,0.0,240.33,0.33,-2099.0,31221.0,19.0,148.93,14.0,0.0,29122.0,24.23,7.37,7.89,44.85,2026-08-15 07:01:10,Financials,Life Insurance,3.16,131988.0,9.0,1894.0,2024-03-01,5864.47,308.66,39.38,0.05,Strong,2024.0,0.0,False,81913.0,17.24,,15.3759,0.0,11.662939086962238,0.0,0.0,54.03364581995634,100.0,0.0,100.0,0.0,100.0,100.0,43
403,EICHERMOT,Mar 2024,24.2,26.18,22.17,23.45,17.31,0.02,114.71,0.72,890.0,2834.0,146.0,668.33,35.0,419.0,3724.0,11.04,12.68,12.51,44.76,2026-08-15 07:01:10,Consumer Discretionary,Two Wheelers,3.13,16536.0,51.0,4001.0,2024-03-01,1517.23,10.39,2.27,3.37,Strong,2024.0,0.02,False,8720.0,23.78,-0.55,0.9308,1.0,34.323076259117,5.390162416062976,100.0,4.918465122412201,43.04369643947733,100.0,33.646898432174495,8.46538338828033,99.14686166971359,98.01333900950759,44
969,SBIN,Mar 2024,15.83,-13.73,,,,,0.37,,18156.0,3476.0,75.0,,18.0,,21632.0,11.63,83.41,90.37,43.62,2026-08-15 07:01:10,Financials,Public Sector Banks,3.6,439189.0,259736.0,69543.0,2024-03-01,1215.67,16.21,,1.11,Risky,2024.0,,False,278115.0,16.45,-9.42,0.3111,1.0,31.660307854229707,1.2107716929928327,45.93027176478522,51.38821112109926,66.15589742029843,100.0,0.0,100.0,48.33059017164356,0.0,45
1033,TATACONSUM,Mar 2024,7.99,15.02,7.57,11.69,4.36,0.22,25.32,0.55,26.0,1911.0,12.0,169.02,64.0,3477.0,1937.0,15.96,21.6,14.87,43.05,2026-08-15 07:01:10,Consumer Staples,Food & Beverages,0.33,15206.0,87.0,1215.0,2024-03-01,3516.47,293.04,20.81,0.22,Strong,2024.0,0.1,False,11602.0,9.44,-37.05,1.5942,1.0,6.258135054927888,0.0,25.914700151547947,0.0,100.0,100.0,100.0,100.0,41.618497109826606,7.201777030677789,46
494,HDFCBANK,Mar 2024,23.07,61.41,14.34,4.89,1.62,6.81,1.4,0.07,35669.0,16600.0,84.0,600.52,23.0,3107503.0,19069.0,21.95,23.87,15.42,43.04,2026-08-15 07:01:10,Financials,Private Banks,1.06,283649.0,124346.0,65446.0,2024-03-01,4213.19,50.16,7.02,0.46,Risky,2024.0,7.39,True,128552.0,30.19,,0.2914,1.0,22.45099329035653,1.5865284253009533,70.34189763301637,54.03364581995634,65.90621617579586,100.0,83.24077098987254,24.575513851653263,19.93886668234188,0.18545258530399958,47
519,HEROMOTOCO,Mar 2024,9.9,86.15,21.14,177.84,14.31,0.03,47.27,1.44,3095.0,1828.0,187.0,884.95,75.0,606.0,4923.0,2.15,1.54,1.69,42.89,2026-08-15 07:01:10,Consumer Discretionary,Two Wheelers,0.26,37789.0,689.0,3742.0,2024-03-01,1214.93,6.5,1.37,11.54,Strong,2024.0,0.03,False,30959.0,6.87,5.84,1.3156,1.0,29.877864572094428,100.0,29.99598139962109,18.96180387675267,58.01244023977998,100.0,0.0,0.0,98.53747714808043,38.20065276003974,48
158,BAJAJFINSV,Mar 2024,14.13,37.04,25.85,11.71,2.9,4.79,2.2,0.21,-79634.0,10960.0,51.0,379.42,2.0,288933.0,-68674.0,20.97,23.75,20.59,42.48,2026-08-15 07:01:10,Financials,Diversified Financials,2.12,110382.0,18607.0,15595.0,2024-03-01,5547.62,108.78,14.62,0.02,Healthy,2024.0,4.57,False,60592.0,22.13,,-4.4036,0.0,98.1647151690567,6.332196785192403,40.198260165891156,54.03364581995634,6.400965265156413,0.0,75.2368507023848,24.396782841823057,43.68680931107454,0.4088894350678547,49
715,KOTAKBANK,Mar 2024,32.39,83.67,14.01,7.23,2.37,4.0,1.24,0.07,6766.0,8919.0,92.0,653.78,2.0,520374.0,15685.0,13.52,20.38,19.34,42.46,2026-08-15 07:01:10,Financials,Private Banks,3.47,56237.0,38037.0,18213.0,2024-03-01,1879.75,20.43,2.88,0.1,Risky,2024.0,3.75,False,32820.0,19.66,,0.8612,1.0,20.280226286014997,3.2148075986361433,100.0,54.03364581995634,73.12796100409882,100.0,14.390721986278978,19.377420315758116,52.97437103221256,0.14076521535122863,50
1046,TATAMOTORS,Mar 2024,7.26,13.6,37.46,30.98,8.61,1.26,6.53,1.19,45133.0,22782.0,94.0,221.72,7.0,107262.0,67915.0,7.72,,,40.74,2026-08-15 07:01:10,Consumer Discretionary,Automobiles,0.91,437928.0,9986.0,31807.0,2024-03-01,472.67,5.03,2.13,1.39,Strong,2024.0,2.96,True,249795.0,20.58,,2.1352,1.0,100.0,11.617214117958376,14.84011711349675,28.170190321304556,89.89493093294018,100.0,11.015678254942054,13.14474104009358,23.583180987202926,2.068255995459061,51
982,SHREECEM,Mar 2024,8.45,22.02,8.37,20.21,6.21,0.08,19.83,0.73,1929.0,1418.0,480.0,5750.83,16.0,1656.0,3347.0,10.33,11.29,10.68,40.4,2026-08-15 07:01:10,Materials,Cement,2.86,20521.0,258.0,1733.0,2024-03-01,2496.01,5.2,0.43,3.08,Strong,2024.0,0.15,True,13560.0,14.81,7.24,1.9313,1.0,10.092824517459846,5.96482229488577,35.4235880398671,0.0,89.14709456610697,100.0,67.75682182985554,31.808901592486706,96.1783439490446,25.18425639927826,52
37,ADANIENT,Mar 2024,3.46,11.8,8.53,10.9,2.08,1.67,2.75,0.6,-8455.0,18767.0,28.0,342.77,5.0,65310.0,10312.0,19.02,45.81,31.95,40.17,2026-08-15 07:01:10,Industrials,Conglomerates,1.5,96421.0,4555.0,3335.0,2024-03-01,8608.25,307.44,25.11,0.02,Healthy,2024.0,1.61,False,39537.0,34.6,,3.0921,0.0,0.018915631924357967,0.028143954399083185,1.0223298358891568,67.37061451842354,100.0,0.0,99.52177625960717,99.99999999999999,0.0,0.040161615881841806,53
377,DMART,Mar 2024,4.99,8.08,13.56,21.29,11.98,0.03,73.29,2.4,278.0,2468.0,39.0,287.22,0.0,592.0,2746.0,20.48,22.97,22.74,40.05,2026-08-15 07:01:10,Consumer Discretionary,Retail,3.07,50789.0,58.0,2536.0,2024-03-01,345.62,8.86,1.2,0.0,Strong,2024.0,0.04,True,24143.0,28.13,,1.0828,1.0,0.0,3.603916509543181,1.8083701705034747,28.170190321304556,48.95650584084428,100.0,97.9959100204499,26.704243326597876,98.53747714808043,61.27784872995602,54
364,DLF,Mar 2024,42.38,33.05,6.91,4.8,4.61,0.12,7.46,0.11,1010.0,1529.0,11.0,159.32,45.0,4834.0,2539.0,-5.14,15.7,12.89,40.0,2026-08-15 07:01:10,Real Estate,Real Estate,2.86,6427.0,356.0,2724.0,2024-03-01,2833.6,257.6,17.79,0.17,Strong,2024.0,0.09,False,5414.0,5.88,-13.17,0.9321,1.0,0.0,0.0,100.00000000000001,0.0,0.0,100.0,0.0,100.0,100.0,100.0,55
904,PNB,Mar 2024,8.4,,61.32,,12.65,3.68,,1.51,-29445.0,1506.0,8.0,114.87,18.0,55017.0,-27939.0,15.9,,,39.12,2026-08-15 07:01:10,Financials,Public Sector Banks,3.82,109065.0,68534.0,9157.0,2024-03-01,202.8,25.35,1.77,0.71,Risky,2024.0,4.9,True,81935.0,10.0,,-3.0511,0.0,100.0,1.2107716929928327,20.87800930608942,54.03364581995634,23.542786746868842,0.0,33.82881411303494,23.815907059874885,56.736421349635556,0.3223076557843608,56
647,IRFC,Mar 2024,24.06,99.5,13.04,5.75,1.32,8.38,1.32,0.05,7906.0,8.0,5.0,37.63,31.0,412039.0,7914.0,19.07,23.25,20.11,39.06,2026-08-15 07:01:10,Financials,Speciality Finance,4.33,26645.0,20101.0,6412.0,2024-03-01,4629.56,925.91,123.03,0.03,Risky,2024.0,9.38,True,15771.0,19.1,,1.2342,1.0,13.899486909617151,2.1849558137916643,73.67995144648998,54.03364581995634,77.85542822234557,100.0,59.71904606337795,23.652070300863866,1.481307312485298,0.16310890032761413,57
98,APOLLOHOSP,Mar 2024,4.91,12.56,13.48,19.51,5.58,0.77,5.57,1.14,383.0,1537.0,63.0,481.67,26.0,5333.0,1920.0,14.66,36.13,29.95,38.94,2026-08-15 07:01:10,Healthcare,Healthcare,0.62,19059.0,449.0,935.0,2024-03-01,3233.83,51.33,6.71,0.51,Strong,2024.0,0.7,False,10560.0,21.75,14.57,2.0535,1.0,9.076262083780886,4.933273354325985,0.0,13.91655737123817,100.0,100.0,100.0,100.0,0.0,0.0,58
748,LT,Mar 2024,7.03,13.51,77.67,135.2,56.44,0.1,3.54,8.03,20445.0,2179.0,95.0,1334.53,36.0,2071.0,18266.0,10.34,8.76,8.56,38.87,2026-08-15 07:01:10,Industrials,Engineering & Construction,3.03,221113.0,9512.0,15547.0,2024-03-01,2422.68,25.5,1.82,1.41,Healthy,2024.0,0.09,False,135979.0,17.59,,1.1749,1.0,1.7910386552984916,4.0216297213009575,17.029862792574658,67.37061451842354,81.19427897610458,100.0,25.397096498719034,12.308421551587927,94.8119325551232,0.31367606887024696,59
416,GAIL,Mar 2024,7.43,10.74,12.86,14.49,7.94,0.28,23.62,1.07,4360.0,8226.0,15.0,117.11,37.0,21794.0,12586.0,11.83,8.61,8.45,38.4,2026-08-15 07:01:10,Energy,Gas Distribution,3.12,133228.0,719.0,9903.0,2024-03-01,299.77,19.98,2.56,1.85,Strong,2024.0,0.27,False,57372.0,32.42,13.81,1.2709,1.0,14.570070832959727,32.84713697739908,3.486886143735166,53.61014744145707,0.0,100.0,45.4341957995918,0.0,100.0,100.0,60
195,BANKBARODA,Mar 2024,15.94,37.49,15.76,2.82,1.14,12.14,1.9,0.07,-7559.0,1285.0,36.0,231.11,21.0,1453761.0,-6274.0,17.48,74.51,55.18,38.01,2026-08-15 07:01:10,Financials,Public Sector Banks,1.27,118379.0,23399.0,18869.0,2024-03-01,2170.89,60.3,9.39,0.35,Watch,2024.0,12.78,True,74314.0,16.79,,-0.3325,0.0,31.791869490856463,0.14612761811982464,46.30116663294894,54.03364581995634,57.998798488224416,0.0,46.73309376020906,100.0,0.0,0.32510061640640897,61
24,ADANIENSOL,Mar 2024,7.2,34.39,9.46,11.49,2.04,2.93,2.28,0.28,1095.0,4943.0,10.0,113.37,0.0,37070.0,6038.0,17.85,16.43,14.87,37.82,2026-08-15 07:01:10,Energy,Power & Utilities,0.65,16607.0,2767.0,1196.0,2024-03-01,5376.82,537.68,47.43,0.0,Healthy,2024.0,2.92,False,9926.0,18.72,,5.0485,1.0,0.0,11.184923099140727,2.787074788535265,51.18169991326973,100.0,100.0,85.06814141813155,52.392456882088446,0.0,0.0,62
787,MARUTI,Mar 2024,9.51,13.13,15.75,21.72,11.7,0.0,117.91,1.23,4936.0,11865.0,429.0,2727.26,29.0,119.0,16801.0,10.51,12.01,11.14,37.65,2026-08-15 07:01:10,Consumer Discretionary,Automobiles,1.36,141858.0,194.0,13488.0,2024-03-01,4101.92,9.56,1.5,3.03,Strong,2024.0,0.02,True,70372.0,26.32,10.03,1.2456,1.0,6.6160286565102915,3.9595117594522136,27.757046902807268,28.170190321304556,55.28943591020309,100.0,30.03408316291751,7.2778191357368165,100.0,100.0,63
943,RELIANCE,Mar 2024,8.79,18.07,9.96,12.97,4.5,0.58,7.73,0.51,45207.0,113581.0,51.0,1172.75,10.0,458991.0,158788.0,9.61,14.68,11.95,37.38,2026-08-15 07:01:10,Energy,Conglomerates,4.24,899041.0,23118.0,79020.0,2024-03-01,2412.97,47.31,2.06,0.21,Strong,2024.0,0.63,True,466307.0,24.46,,2.0095,1.0,1.569084551241816,21.871615279081517,7.624901113612848,51.18169991326973,20.854926004957925,100.0,30.818355388768182,40.64827863901751,93.18504495977284,59.25468627230891,64
351,DIVISLAB,Mar 2024,20.4,28.17,11.79,16.28,10.35,0.0,636.25,0.51,992.0,269.0,60.0,512.11,50.0,3.0,1261.0,9.66,3.41,3.3,36.36,2026-08-15 07:01:10,Healthcare,Pharmaceuticals,3.75,7845.0,4.0,1600.0,2024-03-01,5096.09,84.93,9.95,0.59,Strong,2024.0,0.0,False,6969.0,4.03,29.82,0.7881,1.0,0.0,0.0,100.0,24.727943000957076,0.0,100.0,26.5193370165746,0.0,100.0,100.0,65
813,NAUKRI,Mar 2024,23.46,28.04,1.97,2.33,1.65,0.01,28.97,0.07,-150.0,852.0,44.0,2345.89,49.0,246.0,702.0,17.12,0.1,-2.13,35.0,2026-08-15 07:01:10,Communication Services,Internet & Platforms,4.44,2536.0,35.0,595.0,2024-03-01,3613.41,82.12,1.54,0.6,Strong,2024.0,0.01,False,1128.0,31.0,,1.1798,0.0,0.0,0.0,100.0,0.0,0.0,0.0,100.0,0.0,100.0,100.0,66
878,PFC,Mar 2024,28.92,36.69,26.16,3.49,2.55,8.52,0.58,0.09,-101229.0,3409.0,60.0,306.51,23.0,861961.0,-97820.0,11.08,15.92,14.87,34.98,2026-08-15 07:01:10,Financials,Speciality Finance,2.15,91508.0,57962.0,26461.0,2024-03-01,6663.95,111.07,21.74,0.21,Risky,2024.0,8.93,True,71656.0,8.49,,-3.6968,0.0,100.0,0.6123443045021226,90.06676107626946,54.03364581995634,15.359072047614337,0.0,0.0,12.734584450402146,0.0,0.0,67
46,ADANIGREEN,Mar 2024,13.67,79.37,12.81,9.8,1.43,6.6,1.71,0.1,-13347.0,21060.0,7.0,62.08,0.0,64858.0,7713.0,34.98,,,34.9,2026-08-15 07:01:10,Energy,Renewable Energy,1.23,9220.0,5006.0,1260.0,2024-03-01,5839.73,834.25,94.07,0.0,Watch,2024.0,7.42,True,3124.0,43.44,,6.1214,0.0,14.345915897068043,0.0,22.47307247611513,51.18169991326973,100.0,0.0,100.0,28.199449701362322,0.0,0.0,68
930,RECLTD,Mar 2024,29.77,100.77,20.4,9.3,2.58,6.42,1.6,0.09,-59554.0,1831.0,54.0,263.39,30.0,445568.0,-57723.0,13.34,19.76,19.67,33.86,2026-08-15 07:01:10,Financials,Speciality Finance,1.78,47517.0,29948.0,14145.0,2024-03-01,7489.08,138.69,28.43,0.22,Watch,2024.0,6.55,True,35557.0,10.15,,-4.0808,0.0,62.31416918826469,4.655208405817272,92.9327668757165,54.03364581995634,10.492188906041273,0.0,12.920614178373068,18.453976764968722,24.523865506701153,0.24131179774496342,69
145,AXISBANK,Mar 2024,22.73,34.69,15.83,2.61,1.64,8.25,1.69,0.07,-14556.0,9001.0,81.0,508.99,1.0,1295302.0,-5555.0,14.74,39.67,35.1,33.36,2026-08-15 07:01:10,Financials,Private Banks,2.97,109369.0,22442.0,24861.0,2024-03-01,358.52,4.43,0.7,0.23,Watch,2024.0,8.88,True,63346.0,19.97,,-0.2234,0.0,32.252335219050124,0.0,69.19549531323757,54.03364581995634,59.381550964124465,0.0,24.354786017641278,48.108430145963666,3.009640253938399,0.26644844334339707,70
247,BOSCHLTD,Mar 2024,14.89,12.52,20.64,17.31,14.35,0.0,71.78,0.96,1536.0,283.0,844.0,4021.33,44.0,39.0,1253.0,6.72,9.28,9.26,33.36,2026-08-15 07:01:10,Consumer Discretionary,Auto Ancillaries,2.82,16727.0,51.0,2490.0,2024-03-01,2542.69,3.01,0.63,14.61,Strong,2024.0,0.0,False,9718.0,19.84,-8.22,0.5032,1.0,27.719994821112596,0.3125930336409643,58.642861243469746,0.0,26.41002999194768,100.0,4.199045671438307,2.4389379276117524,100.0,100.0,70
299,CHOLAFIN,Mar 2024,17.85,28.1,17.46,3.5,2.18,6.86,21.21,0.12,-38538.0,2855.0,41.0,233.25,5.0,134475.0,-35683.0,21.94,23.36,22.28,32.81,2026-08-15 07:01:10,Financials,Consumer Finance,3.94,19163.0,255.0,3420.0,2024-03-01,1702.05,41.51,7.3,0.12,Strong,2024.0,6.79,False,9583.0,25.99,,-10.4336,0.0,42.97460860413104,0.6193027625078285,52.741250252882864,54.03364581995634,0.0,0.0,83.1590983338778,23.815907059874885,19.35104632024453,5.718307577581459,71
995,SHRIRAMFIN,Mar 2024,20.33,28.92,15.12,4.3,2.98,3.99,0.68,0.15,-31359.0,258.0,39.0,260.36,23.0,195496.0,-31101.0,18.56,23.49,14.29,32.63,2026-08-15 07:01:10,Financials,Consumer Finance,1.15,36388.0,15588.0,7399.0,2024-03-01,1350.95,34.64,5.19,0.66,Risky,2024.0,3.77,False,17422.0,27.83,,-4.2034,0.0,27.581897118800153,1.1759794029643034,61.10324364421065,54.03364581995634,8.938335069695285,0.0,55.55374060764452,24.009532320524276,53.09193510463203,0.0,72
468,HAVELLS,Mar 2024,6.84,10.12,17.07,24.27,10.22,0.04,25.36,1.5,335.0,1618.0,20.0,118.21,44.0,303.0,1953.0,13.04,10.03,9.0,32.51,2026-08-15 07:01:10,Industrials,Consumer Electricals,1.44,18590.0,84.0,1271.0,2024-03-01,2695.46,134.77,22.8,0.33,Strong,2024.0,0.03,False,10457.0,21.14,-13.35,1.5366,1.0,0.2378038387455194,0.4576926648051819,16.177921262667024,0.0,89.67360344330434,100.0,48.45431255337317,17.325011850213304,98.7029831387808,7.8682145045753105,73
852,NTPC,Mar 2024,11.95,28.83,13.27,12.93,4.45,1.48,4.6,0.37,8644.0,32141.0,21.0,165.73,36.0,237131.0,40785.0,12.22,8.74,8.45,31.97,2026-08-15 07:01:10,Energy,Power & Utilities,4.04,178501.0,12301.0,21332.0,2024-03-01,447.18,21.29,2.7,1.69,Healthy,2024.0,1.52,True,111531.0,16.97,,1.9119,1.0,16.40814130727157,21.582785760704734,17.23970060244629,51.18169991326973,18.04811834605407,100.0,48.00184343933109,0.7851822025367483,50.59157595835308,24.121674710966435,74
85,AMBUJACEM,Mar 2024,14.29,19.3,11.43,15.18,7.26,0.02,28.26,0.51,-3295.0,8941.0,16.0,188.44,12.0,699.0,5646.0,4.12,11.23,7.78,31.71,2026-08-15 07:01:10,Materials,Cement,2.82,33160.0,276.0,4738.0,2024-03-01,577.87,36.12,3.07,0.33,Strong,2024.0,,False,24516.0,10.59,,1.1916,0.0,21.36437306615588,0.5898570237866253,75.84440753045402,16.625018374246654,27.996164116300022,0.0,5.457463884430177,31.196406696610847,100.0,38.07455885501085,75
689,JSWENERGY,Mar 2024,15.02,46.86,8.28,10.27,2.99,1.52,2.85,0.2,-1963.0,8197.0,10.0,126.95,19.0,31573.0,6234.0,4.68,20.32,20.11,30.22,2026-08-15 07:01:10,Energy,Power & Utilities,1.14,11486.0,2053.0,1725.0,2024-03-01,6271.31,627.13,49.4,0.03,Healthy,2024.0,1.34,False,6922.0,18.39,,3.6139,0.0,0.0,2.3756227886489913,26.58066086533195,51.18169991326973,66.9947027257093,0.0,0.0,78.49808737668613,48.69853289162331,4.478617128746213,76
839,NHPC,Mar 2024,41.82,49.91,10.41,6.75,4.32,0.84,11.24,0.1,970.0,5968.0,4.0,38.53,53.0,32561.0,6938.0,1.4,7.27,5.92,29.82,2026-08-15 07:01:10,Energy,Power & Utilities,0.33,9632.0,608.0,4028.0,2024-03-01,9656.5,2414.12,250.62,0.02,Strong,2024.0,0.8,False,9648.0,-0.06,-18.16,1.7224,1.0,3.5864789742670062,0.0,100.0,0.0,12.598425196850389,100.0,0.0,0.0,80.88026502602936,98.65304748007634,77
584,ICICIPRULI,Mar 2024,0.94,102.03,7.73,754.9,0.28,0.11,31.02,0.3,105.0,7420.0,6.0,76.37,10.0,1200.0,-7315.0,16.85,-5.66,-5.59,29.45,2026-08-15 07:01:10,Financials,Life Insurance,2.47,90307.0,2970.0,851.0,2024-03-01,4491.22,748.54,58.81,0.01,Strong,2024.0,0.12,True,83182.0,2.78,-51.26,-8.5958,1.0,0.0,100.0,0.0,0.0,0.0,100.0,41.58771643253837,0.0,98.70679520338585,8.458201947810732,78
1059,TATAPOWER,Mar 2024,6.97,17.47,13.23,12.48,3.08,1.66,3.05,0.44,3569.0,9027.0,12.0,101.11,17.0,53689.0,12596.0,15.51,10.43,5.92,29.33,2026-08-15 07:01:10,Energy,Power & Utilities,4.19,61449.0,4633.0,4280.0,2024-03-01,2560.72,213.39,25.33,0.08,Healthy,2024.0,1.84,True,32703.0,23.4,-3.67,2.943,1.0,16.228817358558224,18.333453678965984,2.087263433335361,15.709019947961837,47.700775898264716,100.0,69.66225557969581,12.126702905845248,42.072882158069135,6.723537995285665,79
597,INDUSINDBK,Mar 2024,19.56,38.55,14.25,3.56,1.74,6.89,1.88,0.09,-17468.0,625.0,115.0,807.16,14.0,432404.0,-16843.0,15.5,22.08,15.9,28.3,2026-08-15 07:01:10,Financials,Private Banks,2.54,45748.0,9388.0,8950.0,2024-03-01,6975.02,60.65,8.64,0.23,Watch,2024.0,7.06,True,29000.0,16.41,,-1.8819,0.0,21.858965925536115,0.6610535105420641,58.50697956706452,54.03364581995634,38.361431978971005,0.0,30.56190787324402,21.909442955019358,18.998354102986134,0.31951469516231257,80
338,DABUR,Mar 2024,14.6,19.35,18.36,21.37,11.98,0.14,23.24,0.82,1042.0,971.0,10.0,55.74,53.0,1365.0,2013.0,7.81,4.6,4.56,28.07,2026-08-15 07:01:10,Consumer Staples,Personal Products,2.4,12404.0,124.0,1811.0,2024-03-01,2080.56,208.06,37.33,0.25,Strong,2024.0,0.13,False,9562.0,9.06,-10.72,1.1115,1.0,20.30249388243869,5.426387293539825,61.69084217363064,20.570312499999996,27.586206896551705,100.0,6.931702344546376,0.0,64.73988439306359,5.953052770606948,81
442,GRASIM,Mar 2024,7.58,20.76,11.2,12.04,2.41,1.55,3.02,0.32,-33833.0,23114.0,85.0,1333.13,12.0,137155.0,-10719.0,11.15,29.31,27.73,27.57,2026-08-15 07:01:10,Industrials,Diversified Industrials,2.61,130978.0,9277.0,9926.0,2024-03-01,9973.35,117.33,7.48,0.1,Healthy,2024.0,1.31,False,76404.0,19.68,,-1.0799,0.0,0.0873502352279295,0.06476964848008183,19.4960093265178,67.37061451842354,28.335056392079082,0.0,32.314261315115274,93.4823826828883,0.7782101167315182,0.1336412390550942,82
673,JINDALSTEL,Mar 2024,11.8,20.26,13.41,16.78,7.55,0.37,8.0,0.64,-2336.0,8344.0,58.0,443.16,3.0,16472.0,6008.0,1.4,,,26.08,2026-08-15 07:01:10,Materials,Steel,1.41,50354.0,1294.0,5943.0,2024-03-01,7401.79,127.62,16.7,0.02,Strong,2024.0,0.34,False,34579.0,13.35,,1.0109,0.0,28.657728009429785,2.2995875275159765,58.61018826135105,16.625018374246654,13.057711862304995,0.0,0.0,49.97958350347079,65.3927813163482,7.095018196275113,83
1098,TECHM,Mar 2024,4.61,8.67,8.99,15.43,5.56,0.1,13.86,1.21,5058.0,1318.0,24.0,302.37,150.0,2537.0,6376.0,8.4,-10.99,-11.42,23.89,2026-08-15 07:01:10,Information Technology,IT Services,2.39,51996.0,392.0,2397.0,2024-03-01,5030.67,209.61,16.64,0.72,Strong,2024.0,0.1,False,37855.0,11.16,16.79,2.66,1.0,0.0,0.0,0.0,59.24796747967479,100.0,100.0,0.0,0.0,0.0,0.0,84
800,MOTHERSON,Mar 2024,3.06,9.45,11.55,20.23,3.59,0.76,5.22,1.17,925.0,6644.0,4.0,38.58,20.0,19922.0,7569.0,9.21,7.56,5.92,23.29,2026-08-15 07:01:10,Consumer Discretionary,Auto Ancillaries,3.39,98692.0,1811.0,3020.0,2024-03-01,2590.68,647.67,67.15,0.03,Strong,2024.0,0.61,False,57370.0,19.82,-1.43,2.5063,1.0,0.0,2.7273328702325412,0.0,2.984484198496769,99.99999999999999,100.0,21.172460804362647,0.0,54.052407068860454,0.9064140769121612,85
702,JSWSTEEL,Mar 2024,5.13,16.09,11.55,17.0,3.94,1.13,3.66,0.77,-2389.0,14467.0,36.0,254.65,25.0,87984.0,12078.0,15.6,3.59,2.38,21.36,2026-08-15 07:01:10,Materials,Steel,4.49,175006.0,8105.0,8973.0,2024-03-01,855.51,23.76,3.36,1.05,Healthy,2024.0,1.23,True,79839.0,29.9,,1.346,0.0,21.806394577869455,2.534675471778761,12.444629014396451,16.625018374246654,40.76039780759405,0.0,100.0,0.0,0.0,0.4587296247591666,86
1072,TATASTEEL,Mar 2024,-2.14,9.71,-5.33,12.42,-1.82,0.95,2.16,0.85,6048.0,14253.0,-4.0,73.81,-101.0,87082.0,20301.0,7.77,,,20.52,2026-08-15 07:01:10,Materials,Steel,1.01,229171.0,7508.0,-4910.0,2024-03-01,3610.97,,48.92,0.11,Healthy,2024.0,0.82,False,156294.0,13.61,,,1.0,0.0,0.0,0.0,16.625018374246654,34.37828096194705,100.0,42.07463884430176,49.97958350347079,3.8216560509554176,0.0,87
1150,TVSMOTOR,Mar 2024,4.54,14.05,26.22,16.77,4.23,3.83,2.91,0.93,-2254.0,1001.0,36.0,,23.0,26006.0,-1253.0,14.19,19.67,19.14,19.59,2026-08-15 07:01:10,Consumer Discretionary,Two Wheelers,2.16,39145.0,1928.0,1779.0,2024-03-01,7127.55,197.99,,0.12,Healthy,2024.0,4.06,True,19421.0,26.32,,-0.7043,0.0,51.80182124206982,0.0,0.0,28.170190321304556,0.0,0.0,55.119291070211304,20.85504626183132,0.0,0.0,88
429,GODREJCP,Mar 2024,-3.98,20.98,-4.45,18.69,-3.05,0.26,2.41,0.77,-1365.0,3435.0,-5.0,123.51,,3222.0,2070.0,6.45,,,18.9,2026-08-15 07:01:10,Consumer Staples,Personal Products,0.89,14096.0,310.0,-561.0,2024-03-01,6502.41,,52.65,,Healthy,2024.0,0.08,False,11029.0,8.52,,,0.0,0.0,2.7726066463342183,0.0,51.3203125,35.37583726122547,0.0,0.0,43.77583830960037,30.05780346820811,0.0,89
234,BHEL,Mar 2024,1.18,2.98,1.15,2.14,0.47,0.36,1.59,0.4,-2382.0,1331.0,1.0,70.22,31.0,8856.0,-3713.0,-4.73,-22.4,-19.73,17.9,2026-08-15 07:01:10,Industrials,Capital Goods,1.24,23893.0,828.0,282.0,2024-03-01,3088.41,3088.41,43.98,0.01,Watch,2024.0,0.22,False,17309.0,11.34,,-13.1667,0.0,0.0,0.0,0.0,67.37061451842354,0.0,0.0,0.0,0.0,77.95071335927366,0.0,90
774,M&M,Mar 2024,8.82,17.9,18.54,14.24,5.23,1.64,3.76,0.59,-11245.0,5615.0,91.0,594.17,21.0,108647.0,-5630.0,5.84,15.32,16.18,10.76,2026-08-15 07:01:10,Consumer Discretionary,Automobiles,3.95,139078.0,7488.0,12270.0,2024-03-01,6047.88,66.46,10.18,0.32,Healthy,2024.0,1.64,False,74278.0,23.25,,-0.4588,0.0,18.656941866988902,0.0,23.795855100752046,28.170190321304556,0.0,0.0,0.0,13.14474104009358,0.4265691651432125,0.0,91
